Customer_ID,Customer_Name,City,Product,Quantity,Price,Sales_Date
101,Ananya,Mangalore,Laptop,2,55000,2026-01-05
102,Rahul,Bangalore,Mouse,5,800,2026-01-06
103,Shreya,Mysore,Keyboard,3,1500,2026-01-07
104,Arjun,Bangalore,Laptop,1,55000,2026-01-08
105,Ananya,Mangalore,Mouse,4,800,2026-01-09
106,Rohan,Mysore,Keyboard,2,1500,2026-01-10
107,Meera,Bangalore,Laptop,1,55000,2026-01-11
108,Kiran,Mangalore,Mouse,6,800,2026-01-12
109,Divya,Mysore,Keyboard,3,1500,2026-01-13
110,Arjun,Bangalore,Laptop,2,55000,2026-01-14
101,Ananya,Mangalore,Laptop,2,55000,2026-01-05
111,,Bangalore,Mouse,3,800,2026-01-15
112,Ravi,,Keyboard,2,1500,2026-01-16
113,Sneha,Bangalore,,1,55000,2026-01-17
114,Manoj,Mysore,Laptop,,55000,2026-01-18
115,Priya,Mangalore,Mouse,4,,2026-01-19
116,RAHUL,bangalore,Mouse,5,800,2026-01-20
117,shreya,MYSORE,Keyboard,3,1500,2026-01-21